{"variables":[],"info":{"name":"","_postman_id":"a298cf70-020e-4368-acae-fd17440fa9fc","description":"","schema":"https:\/\/schema.getpostman.com\/json\/collection\/v2.0.0\/collection.json"},"item":[{"name":"Articles","description":"","item":[{"name":"Display a listing of articles.","request":{"url":"http:\/\/localhost:8000\/api\/v1\/articles","method":"GET","body":{"mode":"formdata","formdata":[]},"description":"","response":[]}},{"name":"Store a new article.","request":{"url":"http:\/\/localhost:8000\/api\/v1\/articles","method":"POST","body":{"mode":"formdata","formdata":[{"key":"title","value":36,"type":"text","enabled":true},{"key":"published","value":true,"type":"text","enabled":true},{"key":"published_at","value":"1982-09-04","type":"text","enabled":true},{"key":"published_by","value":-80,"type":"text","enabled":true},{"key":"author_id","value":-80,"type":"text","enabled":true},{"key":"content","value":"ut","type":"text","enabled":true}]},"description":"","response":[]}},{"name":"Display a specified article.","request":{"url":"http:\/\/localhost:8000\/api\/v1\/articles\/{article}","method":"GET","body":{"mode":"formdata","formdata":[]},"description":"","response":[]}},{"name":"Update a specified article.","request":{"url":"http:\/\/localhost:8000\/api\/v1\/articles\/{article}","method":"PUT","body":{"mode":"formdata","formdata":[{"key":"title","value":8,"type":"text","enabled":true},{"key":"published","value":true,"type":"text","enabled":true},{"key":"published_at","value":"1970-11-28","type":"text","enabled":true},{"key":"published_by","value":3,"type":"text","enabled":true},{"key":"author_id","value":3,"type":"text","enabled":true},{"key":"content","value":"sit","type":"text","enabled":true}]},"description":"","response":[]}},{"name":"Remove a specified article.","request":{"url":"http:\/\/localhost:8000\/api\/v1\/articles\/{article}","method":"DELETE","body":{"mode":"formdata","formdata":[]},"description":"","response":[]}}]},{"name":"Men","description":"","item":[{"name":"Display a listing of men.","request":{"url":"http:\/\/localhost:8000\/api\/v1\/men","method":"GET","body":{"mode":"formdata","formdata":[]},"description":"","response":[]}},{"name":"Store a new man.","request":{"url":"http:\/\/localhost:8000\/api\/v1\/men","method":"POST","body":{"mode":"formdata","formdata":[{"key":"first_name","value":-19,"type":"text","enabled":true},{"key":"last_name","value":-19,"type":"text","enabled":true},{"key":"height","value":176,"type":"text","enabled":true},{"key":"waist","value":-609701079,"type":"text","enabled":true},{"key":"shoe_size","value":40,"type":"text","enabled":true},{"key":"hair","value":"rouge","type":"text","enabled":true},{"key":"sex","value":"H","type":"text","enabled":true},{"key":"created_by","value":0,"type":"text","enabled":true}]},"description":"","response":[]}},{"name":"Display a specified man.","request":{"url":"http:\/\/localhost:8000\/api\/v1\/men\/{man}","method":"GET","body":{"mode":"formdata","formdata":[]},"description":"","response":[]}},{"name":"Update a specified man.","request":{"url":"http:\/\/localhost:8000\/api\/v1\/men\/{man}","method":"PUT","body":{"mode":"formdata","formdata":[{"key":"first_name","value":-9,"type":"text","enabled":true},{"key":"last_name","value":-9,"type":"text","enabled":true},{"key":"height","value":178,"type":"text","enabled":true},{"key":"waist","value":-354673827,"type":"text","enabled":true},{"key":"shoe_size","value":41,"type":"text","enabled":true},{"key":"hair","value":"rouge","type":"text","enabled":true},{"key":"sex","value":"H","type":"text","enabled":true},{"key":"created_by","value":0,"type":"text","enabled":true}]},"description":"","response":[]}},{"name":"Remove a specified man.","request":{"url":"http:\/\/localhost:8000\/api\/v1\/men\/{man}","method":"DELETE","body":{"mode":"formdata","formdata":[]},"description":"","response":[]}}]},{"name":"Women","description":"","item":[{"name":"Display a listing of womens.","request":{"url":"http:\/\/localhost:8000\/api\/v1\/women","method":"GET","body":{"mode":"formdata","formdata":[]},"description":"","response":[]}},{"name":"Store a new women.","request":{"url":"http:\/\/localhost:8000\/api\/v1\/women","method":"POST","body":{"mode":"formdata","formdata":[{"key":"first_name","value":37,"type":"text","enabled":true},{"key":"last_name","value":37,"type":"text","enabled":true},{"key":"height","value":177,"type":"text","enabled":true},{"key":"waist","value":59,"type":"text","enabled":true},{"key":"chest","value":84,"type":"text","enabled":true},{"key":"cap_size","value":"C","type":"text","enabled":true},{"key":"hips","value":86,"type":"text","enabled":true},{"key":"shoe_size","value":37,"type":"text","enabled":true},{"key":"hair","value":"noir","type":"text","enabled":true},{"key":"sex","value":"F","type":"text","enabled":true},{"key":"created_by","value":20412,"type":"text","enabled":true}]},"description":"","response":[]}},{"name":"Display a specified women.","request":{"url":"http:\/\/localhost:8000\/api\/v1\/women\/{woman}","method":"GET","body":{"mode":"formdata","formdata":[]},"description":"","response":[]}},{"name":"Update a specified women.","request":{"url":"http:\/\/localhost:8000\/api\/v1\/women\/{woman}","method":"PUT","body":{"mode":"formdata","formdata":[{"key":"first_name","value":-35,"type":"text","enabled":true},{"key":"last_name","value":-35,"type":"text","enabled":true},{"key":"height","value":163,"type":"text","enabled":true},{"key":"waist","value":40,"type":"text","enabled":true},{"key":"chest","value":65,"type":"text","enabled":true},{"key":"cap_size","value":"A","type":"text","enabled":true},{"key":"hips","value":63,"type":"text","enabled":true},{"key":"shoe_size","value":31,"type":"text","enabled":true},{"key":"hair","value":"rouge","type":"text","enabled":true},{"key":"sex","value":"F","type":"text","enabled":true},{"key":"created_by","value":0,"type":"text","enabled":true}]},"description":"","response":[]}},{"name":"Remove a specified women.","request":{"url":"http:\/\/localhost:8000\/api\/v1\/women\/{woman}","method":"DELETE","body":{"mode":"formdata","formdata":[]},"description":"","response":[]}}]}]}